<?xml version="1.0" encoding="UTF-8"?><?xml-stylesheet type='text/xsl' href='_UpgradeReport_Files/UpgradeReport.xslt'?><UpgradeLog>
<Properties><Property Name="Solution" Value="RayTracer">
</Property><Property Name="Solution File" Value="D:\ZYuan\Research\Courses\Advanced Graphics\projects\RayTracer_Final\src\RayTracer\RayTracer.sln">
</Property><Property Name="User Options File" Value="D:\ZYuan\Research\Courses\Advanced Graphics\projects\RayTracer_Final\src\RayTracer\RayTracer.suo">
</Property><Property Name="Date" Value="Thursday, October 07, 2010">
</Property><Property Name="Time" Value="14:28 PM">
</Property></Properties><Event ErrorLevel="0" Project="" Source="RayTracer.sln" Description="File successfully backed up as D:\ZYuan\Research\Courses\Advanced Graphics\projects\RayTracer_Final\src\RayTracer\RayTracer.sln.old">
</Event><Event ErrorLevel="0" Project="" Source="RayTracer.suo" Description="File successfully backed up as D:\ZYuan\Research\Courses\Advanced Graphics\projects\RayTracer_Final\src\RayTracer\RayTracer.suo.old">
</Event><Event ErrorLevel="0" Project="RayTracer" Source="RayTracer\RayTracer.vcproj" Description="Web deployment to the local IIS server is no longer supported. The Web Deployment build tool has been removed from your project settings.">
</Event><Event ErrorLevel="1" Project="RayTracer" Source="RayTracer\RayTracer.vcproj" Description="This application has been updated to include settings related to the User Account Control (UAC) feature of Windows Vista. By default, when run on Windows Vista with UAC enabled, this application is marked to run with the same privileges as the process that launched it. This marking also disables the application from running with virtualization. You can change UAC related settings from the Property Pages of the project.">
</Event><Event ErrorLevel="0" Project="RayTracer" Source="RayTracer\RayTracer.vcproj" Description="Project file successfully backed up as 'D:\ZYuan\Research\Courses\Advanced Graphics\projects\RayTracer_Final\src\RayTracer\RayTracer\RayTracer.vcproj.8.00.old'.">
</Event><Event ErrorLevel="0" Project="RayTracer" Source="RayTracer\RayTracer.vcproj" Description="Project upgraded successfully.">
</Event><Event ErrorLevel="3" Project="RayTracer" Source="RayTracer\RayTracer.vcproj" Description="Converted">
</Event><Event ErrorLevel="0" Project="" Source="RayTracer.sln" Description="Solution converted successfully">
</Event><Event ErrorLevel="3" Project="" Source="RayTracer.sln" Description="Converted">
</Event></UpgradeLog>